<?xml version="1.0" encoding="utf-8"?>
<merger version="3" xmlns:ns1="http://schemas.android.com/tools"><dataSet aapt-namespace="http://schemas.android.com/apk/res-auto" config="main$Generated" generated="true" ignore_pattern="!.svn:!.git:!.ds_store:!*.scc:.*:&lt;dir>_*:!CVS:!thumbs.db:!picasa.ini:!*~"><source path="C:\Users\Ilias\AndroidStudioProjects\OneSignalTest\app\src\main\res"/><source path="C:\Users\Ilias\AndroidStudioProjects\OneSignalTest\app\build\generated\res\rs\debug"/><source path="C:\Users\Ilias\AndroidStudioProjects\OneSignalTest\app\build\generated\res\resValues\debug"/><source path="C:\Users\Ilias\AndroidStudioProjects\OneSignalTest\app\build\generated\res\google-services\debug"/></dataSet><dataSet aapt-namespace="http://schemas.android.com/apk/res-auto" config="main" generated-set="main$Generated" ignore_pattern="!.svn:!.git:!.ds_store:!*.scc:.*:&lt;dir>_*:!CVS:!thumbs.db:!picasa.ini:!*~"><source path="C:\Users\Ilias\AndroidStudioProjects\OneSignalTest\app\src\main\res"><file name="ic_launcher_background" path="C:\Users\Ilias\AndroidStudioProjects\OneSignalTest\app\src\main\res\drawable\ic_launcher_background.xml" qualifiers="" type="drawable"/><file name="ic_launcher_foreground" path="C:\Users\Ilias\AndroidStudioProjects\OneSignalTest\app\src\main\res\drawable-v24\ic_launcher_foreground.xml" qualifiers="v24" type="drawable"/><file name="activity_main" path="C:\Users\Ilias\AndroidStudioProjects\OneSignalTest\app\src\main\res\layout\activity_main.xml" qualifiers="" type="layout"/><file name="ic_launcher" path="C:\Users\Ilias\AndroidStudioProjects\OneSignalTest\app\src\main\res\mipmap-anydpi-v26\ic_launcher.xml" qualifiers="anydpi-v26" type="mipmap"/><file name="ic_launcher_round" path="C:\Users\Ilias\AndroidStudioProjects\OneSignalTest\app\src\main\res\mipmap-anydpi-v26\ic_launcher_round.xml" qualifiers="anydpi-v26" type="mipmap"/><file name="ic_launcher" path="C:\Users\Ilias\AndroidStudioProjects\OneSignalTest\app\src\main\res\mipmap-hdpi\ic_launcher.webp" qualifiers="hdpi-v4" type="mipmap"/><file name="ic_launcher_round" path="C:\Users\Ilias\AndroidStudioProjects\OneSignalTest\app\src\main\res\mipmap-hdpi\ic_launcher_round.webp" qualifiers="hdpi-v4" type="mipmap"/><file name="ic_launcher" path="C:\Users\Ilias\AndroidStudioProjects\OneSignalTest\app\src\main\res\mipmap-mdpi\ic_launcher.webp" qualifiers="mdpi-v4" type="mipmap"/><file name="ic_launcher_round" path="C:\Users\Ilias\AndroidStudioProjects\OneSignalTest\app\src\main\res\mipmap-mdpi\ic_launcher_round.webp" qualifiers="mdpi-v4" type="mipmap"/><file name="ic_launcher" path="C:\Users\Ilias\AndroidStudioProjects\OneSignalTest\app\src\main\res\mipmap-xhdpi\ic_launcher.webp" qualifiers="xhdpi-v4" type="mipmap"/><file name="ic_launcher_round" path="C:\Users\Ilias\AndroidStudioProjects\OneSignalTest\app\src\main\res\mipmap-xhdpi\ic_launcher_round.webp" qualifiers="xhdpi-v4" type="mipmap"/><file name="ic_launcher" path="C:\Users\Ilias\AndroidStudioProjects\OneSignalTest\app\src\main\res\mipmap-xxhdpi\ic_launcher.webp" qualifiers="xxhdpi-v4" type="mipmap"/><file name="ic_launcher_round" path="C:\Users\Ilias\AndroidStudioProjects\OneSignalTest\app\src\main\res\mipmap-xxhdpi\ic_launcher_round.webp" qualifiers="xxhdpi-v4" type="mipmap"/><file name="ic_launcher" path="C:\Users\Ilias\AndroidStudioProjects\OneSignalTest\app\src\main\res\mipmap-xxxhdpi\ic_launcher.webp" qualifiers="xxxhdpi-v4" type="mipmap"/><file name="ic_launcher_round" path="C:\Users\Ilias\AndroidStudioProjects\OneSignalTest\app\src\main\res\mipmap-xxxhdpi\ic_launcher_round.webp" qualifiers="xxxhdpi-v4" type="mipmap"/><file path="C:\Users\Ilias\AndroidStudioProjects\OneSignalTest\app\src\main\res\values\colors.xml" qualifiers=""><color name="purple_200">#FFBB86FC</color><color name="purple_500">#FF6200EE</color><color name="purple_700">#FF3700B3</color><color name="teal_200">#FF03DAC5</color><color name="teal_700">#FF018786</color><color name="black">#FF000000</color><color name="white">#FFFFFFFF</color></file><file path="C:\Users\Ilias\AndroidStudioProjects\OneSignalTest\app\src\main\res\values\strings.xml" qualifiers=""><string name="app_name">OneSignalTest</string></file><file path="C:\Users\Ilias\AndroidStudioProjects\OneSignalTest\app\src\main\res\values\themes.xml" qualifiers=""><style name="Theme.OneSignalTest" parent="Theme.MaterialComponents.DayNight.DarkActionBar">
        
        <item name="colorPrimary">@color/purple_500</item>
        <item name="colorPrimaryVariant">@color/purple_700</item>
        <item name="colorOnPrimary">@color/white</item>
        
        <item name="colorSecondary">@color/teal_200</item>
        <item name="colorSecondaryVariant">@color/teal_700</item>
        <item name="colorOnSecondary">@color/black</item>
        
        <item name="android:statusBarColor" ns1:targetApi="l">?attr/colorPrimaryVariant</item>
        
    </style></file><file path="C:\Users\Ilias\AndroidStudioProjects\OneSignalTest\app\src\main\res\values-night\themes.xml" qualifiers="night-v8"><style name="Theme.OneSignalTest" parent="Theme.MaterialComponents.DayNight.DarkActionBar">
        
        <item name="colorPrimary">@color/purple_200</item>
        <item name="colorPrimaryVariant">@color/purple_700</item>
        <item name="colorOnPrimary">@color/black</item>
        
        <item name="colorSecondary">@color/teal_200</item>
        <item name="colorSecondaryVariant">@color/teal_200</item>
        <item name="colorOnSecondary">@color/black</item>
        
        <item name="android:statusBarColor" ns1:targetApi="l">?attr/colorPrimaryVariant</item>
        
    </style></file><file name="backup_rules" path="C:\Users\Ilias\AndroidStudioProjects\OneSignalTest\app\src\main\res\xml\backup_rules.xml" qualifiers="" type="xml"/><file name="data_extraction_rules" path="C:\Users\Ilias\AndroidStudioProjects\OneSignalTest\app\src\main\res\xml\data_extraction_rules.xml" qualifiers="" type="xml"/></source><source path="C:\Users\Ilias\AndroidStudioProjects\OneSignalTest\app\build\generated\res\rs\debug"/><source path="C:\Users\Ilias\AndroidStudioProjects\OneSignalTest\app\build\generated\res\resValues\debug"/><source path="C:\Users\Ilias\AndroidStudioProjects\OneSignalTest\app\build\generated\res\google-services\debug"><file path="C:\Users\Ilias\AndroidStudioProjects\OneSignalTest\app\build\generated\res\google-services\debug\values\values.xml" qualifiers=""><string name="default_web_client_id" translatable="false">60811695505-jpd83kkq5jmkq9si1bpfdi06gq3q8v4i.apps.googleusercontent.com</string><string name="gcm_defaultSenderId" translatable="false">60811695505</string><string name="google_api_key" translatable="false">AIzaSyBBugOpS9jyNPtIQgDAgIUE1AUQ4OxydwM</string><string name="google_app_id" translatable="false">1:60811695505:android:0c2d12895f27c6fb5f7630</string><string name="google_crash_reporting_api_key" translatable="false">AIzaSyBBugOpS9jyNPtIQgDAgIUE1AUQ4OxydwM</string><string name="google_storage_bucket" translatable="false">test-8d0e6.appspot.com</string><string name="project_id" translatable="false">test-8d0e6</string></file></source></dataSet><dataSet aapt-namespace="http://schemas.android.com/apk/res-auto" config="debug$Generated" generated="true" ignore_pattern="!.svn:!.git:!.ds_store:!*.scc:.*:&lt;dir>_*:!CVS:!thumbs.db:!picasa.ini:!*~"><source path="C:\Users\Ilias\AndroidStudioProjects\OneSignalTest\app\src\debug\res"/></dataSet><dataSet aapt-namespace="http://schemas.android.com/apk/res-auto" config="debug" generated-set="debug$Generated" ignore_pattern="!.svn:!.git:!.ds_store:!*.scc:.*:&lt;dir>_*:!CVS:!thumbs.db:!picasa.ini:!*~"><source path="C:\Users\Ilias\AndroidStudioProjects\OneSignalTest\app\src\debug\res"/></dataSet><mergedItems/></merger>