<?xml version="1.0" encoding="utf-8"?>
<resources xmlns:ns1="http://schemas.android.com/tools">
    <color name="black">#FF000000</color>
    <color name="purple_200">#FFBB86FC</color>
    <color name="purple_500">#FF6200EE</color>
    <color name="purple_700">#FF3700B3</color>
    <color name="teal_200">#FF03DAC5</color>
    <color name="teal_700">#FF018786</color>
    <color name="white">#FFFFFFFF</color>
    <string name="app_name">OneSignalTest</string>
    <string name="default_web_client_id" translatable="false">60811695505-jpd83kkq5jmkq9si1bpfdi06gq3q8v4i.apps.googleusercontent.com</string>
    <string name="gcm_defaultSenderId" translatable="false">60811695505</string>
    <string name="google_api_key" translatable="false">AIzaSyBBugOpS9jyNPtIQgDAgIUE1AUQ4OxydwM</string>
    <string name="google_app_id" translatable="false">1:60811695505:android:0c2d12895f27c6fb5f7630</string>
    <string name="google_crash_reporting_api_key" translatable="false">AIzaSyBBugOpS9jyNPtIQgDAgIUE1AUQ4OxydwM</string>
    <string name="google_storage_bucket" translatable="false">test-8d0e6.appspot.com</string>
    <string name="project_id" translatable="false">test-8d0e6</string>
    <style name="Theme.OneSignalTest" parent="Theme.MaterialComponents.DayNight.DarkActionBar">
        
        <item name="colorPrimary">@color/purple_500</item>
        <item name="colorPrimaryVariant">@color/purple_700</item>
        <item name="colorOnPrimary">@color/white</item>
        
        <item name="colorSecondary">@color/teal_200</item>
        <item name="colorSecondaryVariant">@color/teal_700</item>
        <item name="colorOnSecondary">@color/black</item>
        
        <item name="android:statusBarColor" ns1:targetApi="l">?attr/colorPrimaryVariant</item>
        
    </style>
</resources>